attribute_code,label,values,type,input,entity_type,attribute_set,attribute_set_group,user_defined,visible,global,searchable,filterable,visible_on_front,used_in_product_listing,required,comparable
attr_length,Length,"4mm,5mm,3/16"",1/4"",7mm,5/16"",3/8"",10mm,7/16"",11mm,12mm,1/2"",9/16"",5/8"",11/16"",18mm,3/4"",13/16"",7/8"",15/16"",1"",1-1/16"",1-1/8"",1-3/16"",1-1/4"",1-5/16"",1-3/8"",1-7/16"",1-1/2"",1-9/16"",1-5/8"",1-11/16"",1-3/4"",1-7/8"",2"",2-1/4"",2-1/2"",3""",int,select,catalog_product,Barbells,Barbells=Specifications,1,1,1,1,1,1,1,0,1
attr_gauge,Gauge,"20g,18g,16g,14g,9/16"",15mm,5/8"",11/16"",18mm,3/4"",19mm,20mm,13/16"",7/8"",15/16"",25mm,1"",1-1/16"",1-1/8"",1-3/16"",1-1/4"",1-5/16"",1-3/8"",1-7/16"",1-1/2"",1-9/16"",1-5/8"",1-11/16"",1-3/4"",1-13/16"",1-7/8"",1-15/16"",2"",2-1/16"",2-1/8"",2-3/16"",2-1/4"",2-5/16"",2-3/8"",2-7/16"",2-1/2"",2-9/16"",2-5/8"",2-11/16"",2-3/4"",2-13/16"",2-7/8"",2-15/16"",3"",12mm,26mm,31mm,18g/16g,14g/12g,12g,10g,8g,6g,4g,2g,1g,0g,00g,00g/9mm,00g/9.5mm,00g/10mm,7/16"",1/2"",13mm,17mm,13g,11g,9g,7g,5g,3g",int,select,catalog_product,Body Jewelry,Body Jewelry=Specifications,1,1,1,1,1,1,1,0,1
attr_diameter,Diameter,"5/32"",3/16"",7/32"",1/4"",9/32"",5/16"",11/16"",3/8"",13/32"",7/16"",15/32"",1/2"",9/16"",5/8"",11/16"",3/4"",13/16"",7/8"",15/16"",1"",1-1/16"",1-1/8"",1-3/16"",1-1/4"",1-5/16"",1-3/8"",1-7/16"",1-1/2"",11/32"",17/32"",7mm,9mm,10mm",int,select,catalog_product,"Captives,Circulars","Captives=Specifications,Circulars=Specifications",1,1,1,1,0,1,1,0,0
nav_color,Color,"Aqua,Black,Blue,Brown,Clear,Gold,Green,Lime,Orange,Pink,Purple,Rainbow,Red,Silver,Teal,Turquoise,White,Yellow",int,select,catalog_product,All Products,All Products=Specifications,1,1,1,1,1,1,1,0,1
attr_brand_nav,Brand,"Anatometal,Body Circle Designs,Industrial Strength,Intrinsic,Le Roi,Neometal,SM316,Body Vibe,Half Tone,Metal Mafia,Wildcat,Glass Heart Studio,Glasswear Studios,Gorilla Glass,Kaos Softwear,Alchemy Adornment,Body Gems,Maria Tash,Buddha Jewelry,Diablo Organics,Little 7,Maya Jewelry,Modifika,Omerica,Oracle,Quetzalli,Tawapa,Tether,Urban Star",int,select,catalog_product,All Products,All Products=Specifications,1,1,1,1,1,1,1,0,1
attr_threading,Threading,"Externally Threaded,Internally Threaded,Threadless",int,select,catalog_product,"Ends,Barbells,Labret,Nostril,Tapers","Ends=Specifications,Barbells=Specifications,Labret=Specifications,Nostril=Specifications,Tapers=Specifications",1,1,1,1,1,1,1,0,1
attr_gem_color,Gem Color,"Black Diamond,Citrine,Mystic Topaz,Dark Pink,Clear CZ,Ruby,Amber Yellow,Black,Garnet,Peridot,Smoke Gray,Emerald AB,Turquoise AB,Pink AB,Fuschia AB,Frosty Mint,Caramel,Ocean Gray,Faceted Opal,Black Zircon",int,select,catalog_product,All Products,All Products=Specifications,1,1,1,1,0,0,1,0,1
attr_misc_colors,Color,"Neon Purple,Black,Clear,Pink,Red,Yellow,Green,Magenta ,Teal,Lavender,Purple,Dark Purple,Light Blue,Emerald,Light Purple,Plum Red,Cobalt,Lime,Amber,Champagne,Brown,Light Brown,White,Brass,Bronze,Blurple,Copper,Fuchsia,Gold,Blue Amber,Glow ,Silver,Hider,Opal,Aqua,Turquoise,Transclucent Red,Tan,Skin Tone,Nude,Taupe,Opalescent,Metallic,Gun Metal,Off White,Peach,Porcelain,Rainbow,Ruby,Royal Purple,Sandstone,Toffee,Terracotta,Mocha,Honey,Pink Orchid,Mother of Pearl,Eggplant,Tanzanite,Dark Yellow,Chocolate,Tangerine,Matte Light Yellow,Matte Light Brown,Matte Dark Brown,Matte Gray,Matte Pink,Oil slick,Light Brown,Neon Blue,Neon Light Blue,Neon Yellow,Matte Black,Ice Blue,Electric Blue,Navy,Lemon,Sour Apple,Matte Dark Yellow,Gray,Dark Green,Violet,Translucent Yellow,Translucent purple,Cream,Iridescent Copper,Coffee,Caramel,Grape,Abalone,Shiny black,Matte Black,Neon Red,Neon Fuchsia,Sparkle Gray,Metallic Silver,Metallic Bronze,Dark Pink,Iridescent",int,select,catalog_product,All Products,All Products=Specifications,1,1,1,1,0,0,1,0,1
attr_silicone_colors,Silicone Color,"White Pearl,Purple Pearl,Pink Pearl,UV Yellow,UV Green,UV Purple,Royal Purple Pearl,Cobalt Pearl,UV Orange,UV Red,UV Magenta,Autumn Brown,Light Grey,Avocado,Slate Blue,True Purple,Glitter Translucent Pink,Bubblegum Pink,True Blue,Silver Metallic,Maroon Pearl,Rose Gold,Spruce,Maple,Cranberry,Olive,Dark Fuschia,Cream,Dark Yellow,Sky Blue Pearl,Hot Pink,Cobalt Blue Metallic,Clear Glitter,Gold Sparkle Metallic,Super Bronze Metallic,Ultra Violet,Black Pearl,Sea Foam Pearl,Version 1,Version 2,Version 3,Version 1.5,Version 4,Version 5,Neon Glitter Pink,Grape,Translucent Purple,Lilac,Siegfried pink,Mac Elroy,Glow Blue,Glow Pink,UV White White,Blue Violet,Blue duo chromatic,Blue Opal Pearl,Glow Pearl,UV Blue,UV Pink,Pearl Hot Pink,Bronze Metallic,Sea Blue Pearl,Misty Rose,Ocean Blue,Tropical Green,Blue Metallic,UV Neon Green,UV Neon Pink,UV Neon Orange,Old Gold",int,select,catalog_product,"Plugs,Labret,Nostril","Plugs=Specifications,Labret=Specifications,Nostril=Specifications",1,1,1,1,0,0,1,0,1
attr_glass_colors,Glass Color,"Pumpkin,Baby Blue,Opaque Bright Red,Pink Opaline,Cherry,Amber Purple,Gray,Slime,Kryptonite,Light Aqua,Dark Aqua,Indigo Sparkle,Opaque Yellow,Mint ,Mint Green,Sienna,Sparkle Brown,Sparkle Blue,Transparent Sparkle Blue,Jade,Sky Blue,Ocean Blue ,Transclucent purple,Merlot,Denim,Agave,Opaque Red,Opaque Orange,Grape,Sapphire,Emerald City,Violet,Transclucent green,Transclucent blue,Diamond,Aquamarine,Smoke,Spearmint,Pacific Blue,Citrine,Mauve,Peridot,Rose ,Garnet,Lake,Solar Passion,Twilight Amber,Portland Doom,Sand Opal,Green Tea,Lollipop,Spectrum,Squid Ink,Bright Green,Indigo,Crystal,Blue Moon,Smokey Gray,Forest Green,Bubble Gum Cat Eye,Red Garnet,Cloudy Red,Cloudy Blue,Blue Quartz,Light Teal,Royal Blue,Rasta,Peacock Amber,Peacock Green,Raven,Red Amanita,Captured White,Uranium,Captured Aqua Seaglass,Olive,Captured blue,Ice,Andromeda,Pluto,New Earth,Purple Amanita,Lava,Serpentina,Aquatic Sparkle,Blue Robin,Light Honey,Snow Blue,Ink,Exotic Moon,Jade Pearl,Jade Sparkle,Unobtanium,Beryl,Pomegranate,Yellow Amber,Sand Opal Seaglass,Alien,Red Cat Eye,Aqua ribbon,Captured raven,Captured raven seaglass,Sex on the Beach,Blue Moon Sparkle,Purple Smoke,Purple Slime,Rainforest Green,Bismuth,Pyrite,Scottish Plaid,Ocean Water,Pink Slime,Opaque Green,Tellusion,Moss,Water,Aurora,Rhubarb,Green Gold,Smoke Turquoise,Purple Rain,Indigo Ink,Mountains,Coastal,Desert,Red Plum,Lavender Gold,Turquoise Emerald,Indigo Silver",int,select,catalog_product,"Plugs,Hanging","Plugs=Specifications,Hanging=Specifications",1,1,1,1,0,0,1,0,1
attr_stone_types,Stone Type,"Yellow Tiger Eye,Picture Jasper,Blue Aventurine,Turtle Stone,Red Tiger Eye,White Jade,Golden Obsidian,Pink Snake Skin Jasper,Dark Blue Tiger Eye,Wild Horse Japser,Howlite,Red and Grey Picture Jasper,Synthetic Turquoise,Red Jasper,Smokey Quartz,Red Spotted Agate,Black Obsidian,Gray Agate,Black Tourmaline,Red Brecciated Jasper,Picasso Jasper,Orange Agate,Pink Common Opal,Green Brecciated Jasper,Hematite,Cream Quartz,Rhodocrosite,Green Aventurine,White Agate,Spotted Grean Jasper,Tourmaline,Denim Lapis,Ruby in Zoisite,Tan Jasper,Larimar,Tibetan Agate,Terra Cotta Coast,Yellow Agate,Black Spinel,Black Tibetan Agate,Nephrite Jade,Blue Agate,Chrysocolla,White Cloudy Quartz,Amazonite,Sodalite,Chinese Turquoise,Red Goldstone,Fossilized Coral,Lapis,Chariote,Malachite,Green Tree Agate,Quartz,Synthetic Pink Turquoise,Lava Rock,Moss Agate,Thunder Egg Agate,Tanzanite,Rainbow Fluorite,Snowflake Obsidian,Labradorite,Peridot,Bloodstone,Brecciated Jasper,Fluorite,Tourmalated Quartz,Obsidian,Spiderweb Reconstructed Turquoise,Rutilated Quartz,Green Agate,Aventurine,Ocean Wave Synthetic Turquoise,Blue Lace Agate,Butter Jade,Iolite,Dark Green Spiderweb Turquoise,Lemon Jade,South China Jade,Pink Howlite,Rose Quartz,Dalmatian Jasper,Pink Ocean Agate plugs ,Red Quartz,Rutilated Quartz,Moonstone,Synthetic azurite plugs,Montana Agate,White Jade,Rainbow moonstone,China Green Jade,Reconstructed Blue Turquoise,Chocolate Jasper,Jade,Rhodonite,African Serpentine,Red Agate,Hematite,Silver Leaf Agate,Mahogany Obsidian,Blue Tiger Eye,Lapis,Crazy lace agate,Chinese Serpentine,Black Agate,Black onyx,Leopard Skin Jasper,Painting Jasper,Carnelian,Amethyst,Unakite,Drawing Jasper,Rock Crystal,Tiger Eye,Ocean Jasper,Green onyx,Genuine Turquoise,Natural Paua shell,Plum Jasper,Apatite,Green eye Jasper,Red Paua shell,New Jade,Ethiopian opal,Rose Quartz,Green Brecciated Jasper,Mixed stone*,White pearl,Lepidolite,Seraphinite,Black Pearl,Petrified Wood,Kunzite,Amber,Green Quartz,Indonesian chrysocolla,Baltic Amber,Fossil Stone,Aquamarine,Turquoise,Zebra Jasper,Kyanite,Blue Aqate,Mookaite,Spiderweb Synthetic Turquoise,White mother of pearl,Lemon Chrysoprase,Synthetic Sugalite,Blue Paua shell,Green Tree Marble,Synthetic Red Turquoise,Black mother of pearl,Yellow Turquoise,Synthetic Ocean Wave Turquoise,Garnet,Tiger Iron,Blue Sediment Sea Jasper,Almadine Garnet,Indian Green Quartz,Green Paua Shell,Green Alagonite,Sunstone,Blue Apatite",int,select,catalog_product,All Products,All Products=Specifications,1,1,1,1,0,0,1,0,1
attr_wood_types,Wood Type,"Crocodile Wood,Coconut Wood,Verawood,Tewel Wood,Chakte Kok,Saba Wood,Gaboon Ebony,Zebrawood,Indonesian Ebony,Apricot Wood,Pear Wood,Narra Burl,Kheng,Asian Ebony,Naquada,Amboyna Burl,Pale Pink Ivory,Coconut Shell,Gentawas Wood",int,select,catalog_product,"Plugs,Hanging","Plugs=Specifications,Hanging=Specifications",1,1,1,1,0,0,1,0,1
attr_clothing_size,Shirt Size,"Youth,Large,Small,Medium,Large,Extra Large,2XL,3XL,4XL,5XL",int,select,catalog_product,Clothing,Clothing=Specifications,1,1,1,1,0,0,1,0,1
attr_ring_sizes,Ring Size,"Size 4,Size 4.5,Size 5,Size 5.5,Size 6,Size 6.5,Size 7,Size 7.5,Size 8,Size 8.5,Size 9,Size 9.5,Size 10,Size 10.5,Size 11,Size 11.5,Size 12,Size 12.5,Size 13,Size 13.5,Size 14,Size 14.5,Size 15",int,select,catalog_product,Rings,Rings=Specifications,1,1,1,1,0,0,1,0,1
attr_end_size,Ball Size,"1/16"",1/8"",3/32"",1/4"",5/32"",3/16"",5/16"",3/8"",7/16"",1/2"",9/16"",5/8"",10mm,12mm,9mm,5.5mm,7/32"",3.2mm,4.75mm,6.3mm",int,select,catalog_product,Barbells,Barbells=Specifications,1,1,1,1,0,0,1,0,1
attr_flares,Flare Type,"Double Flare,Single Flare,No Flares",int,select,catalog_product,Plugs,Plugs=Specifications,1,1,1,1,0,0,1,0,1
attr_gem_size,Gem Size,"1mm,1.25mm,1.5mm,2mm,2.5mm,3mm,3.5mm,4mm,4.5mm,5mm,5.5mm,6mm,6.5mm,7mm,7.5mm,8mm,8.5mm,9mm,9.5mm,10mm",int,select,catalog_product,"Ends,Barbells,Labret","Ends=Specifications,Barbells=Specifications,Labret=Specifications",1,1,1,1,0,0,1,0,1
attr_bead_style,Bead Style,"Bezel set bead,Gemmed bead,Plain bead,Stone bead",int,select,catalog_product,Captives,Captives=Specifications,1,1,1,1,0,0,1,0,1
attr_end_style,End Style,"Bezel,Bezel set bullet,Channel set,Cluster,Cone,Dimple Ball,Disc,Flatback gem ,Flower,Forward facing bezels,Forward facings balls,Gemmed Ball,Gemmed Star,Half-domes,Heart,M&M,Marquise,Micro gem end,Opal Heart,Piston,Plain Ball,Princess cut,Prong Set,Prong set ball,Prong set bullet,Slave Ball,Spike,Spike Ball,Spiral spike,Star,Trio",int,select,catalog_product,Barbells,Barbells=Specifications,1,1,1,1,0,0,1,0,1
attr_glass_style,Glass Style,"O-ring groove,Polish,Matte,Martele,Concave,Millipede,Centipede,Oval,Spike,With bee,Bling,Flat surface small ring,Flat surface large ring,Flat surface small ring with notch,Flat surface large ring with notch,Round surface small ring,Round surface large ring,Round surface small ring with notch,Round surface large ring with notch",int,select,catalog_product,Plugs,Plugs=Specifications,1,1,1,1,0,0,1,0,1
attr_septum_style,Septum Style,"No Notch,Notch",int,select,catalog_product,Septum,Septum=Specifications,1,1,1,1,0,0,1,0,1
attr_plug_style,Plug Style,"Dome Front,Micro Front Flare,Oval Front,Spike,Threaded back disc",int,select,catalog_product,Plugs,Plugs=Specifications,1,1,1,1,0,0,1,0,1
attr_metal_type,Metal Type,"Steel,Black Coat,Brass/ Yellow Brass,Copper,White Brass,Silver Plated,Gold Plated,14k yellow gold plated,Titanium,14k rose gold plated,14k white gold plated,White metal,Bronze,Silver ,Sterling Silver,316LVM ASTM F-138 Implant Grade Steel,316L Stainless steel,Titanium 6AL4VELI ASTM F-136 implant grade,Niobium,14k yellow gold,14k rose gold,14k white gold,18k yellow gold,18k rose gold,18k white gold,9k yellow gold,22k yellow gold,22k rose gold,22k white gold,Titanium Ti-6Al-7Nb ASTM-F1295 implant grade,Yellow Gold PVD Plated Steel,Rose Gold PVD Plated Steel,Yellow Gold Plated,Rose Gold Plated,Gunmetal,Yellow gold,White gold,Rose gold,Pink Silver",int,select,catalog_product,Body Jewelry,Body Jewelry=Specifications,1,1,1,1,0,0,1,0,1
attr_organic_types,Organic Type,"Bone,Black Horn,Golden Horn,Shell,White Mother of Pearl,Black Mother of Pearl,Abalone,Amber,White Shell,Horn,Coral,Red Coral",int,select,catalog_product,"Plugs,Hanging","Plugs=Specifications,Hanging=Specifications",1,1,1,1,0,0,1,0,1
attr_nosescrew_types,Nosescrew Style,"L bend,Left bend,Nose bone,Pre-bent,Right bend,Straight",int,select,catalog_product,Nostril,Nostril=Specifications,1,1,1,1,0,0,1,0,1
attr_aftercare,Size,"Small,Medium,Large,Extra Large,Mini,4oz,16oz,1oz,2oz",int,select,catalog_product,Aftercare,Aftercare=Specifications,1,1,1,1,0,0,1,0,1
attr_pair,Pair / Single,"Pair,Single",int,select,catalog_product,"Plugs,Hanging","Plugs=Specifications,Hanging=Specifications",1,1,1,1,1,0,1,0,0
attr_preorder,Pre-orders,"Only pre-orders,Hide pre-orders",int,select,catalog_product,Body Jewelry,Body Jewelry=Specifications,1,1,1,1,0,0,1,0,0
attr_section,Warehouse section,"A,B,C,D,E,F,G,H,I,J,K,L,M,N,O,P,Q,R,S,T,U,V,W,X,Y,Z,Pegboard,Cleansers,Clothing,Large,Case 1,Case 2, Case 3,Extra Large",int,select,catalog_product,All Products,All Products=Specifications,1,1,1,0,0,0,1,0,0
attr_location,Warehouse location,"1,2,3,4,5,6,7,8,9,10,11,12,13,14,15,16,17,18,19,20,21,22,23,24,25,26,27,28,29,30,31,32,33,34,35,36,37,38,39,40,41,42,43,44,45,46,47,48,49,50,51,52,53,54,55,56,57,58,59,60,61,62,63,64,65,66,67,68,69,70,71,72,73,74,75,76,77,78,79,80,81,82,83,84,85,86,87,88,89,90,91,92,93,94,95,96,97,98,99,100,101,102,103,104,105,106,107,108,109,110,111,112,113,114,115,116,117,118,119,120,121,122,123,124,125,126,127,128,129,130,131,132,133,134,135,136,137,138,139,140,141,142,143,144,145,146,147,148,149,150,151,152,153,154,155,156,157,158,159,160,161,162,163,164,165,166,167,168,169,170,171,172,173,174,175,176,177,178,179,180,181,182,183,184,185,186,187,188,189,190,191,192,193,194,195,196,197,198,199,200,201,202,203,204,205,206,207,208,209,210,211,212,213,214,215,216,217,218,219,220,221,222,223,224,225,226,227,228,229,230,231,232,233,234,235,236,237,238,239,240,241,242,243,244,245,246,247,248,249,250,251,252,253,254,255,256,257,258,259,260,261,262,263,264,265,266,267,268,269,270,271,272,273,274,275,276,277,278,279,280,281,282,283,284,285,286,287,288,289,290,291,292,293,294,295,296,297,298,299,300,301,302,303,304,305,306,307,308,309,310,311,312,313,314,315,316,317,318,319,320,321,322,323,324,325,326,327,328,329,330,331,332,333,334,335,336,337,338,339,340,341,342,343,344,345,346,347,348,349,350,351,352,353,354,355,356,357,358,359,360,361,362,363,364,365,366,367,368,369,370,371,372,373,374,375,376,377,378,379,380,381,382,383,384,385,386,387,388,389,390,391,392,393,394,395,396,397,398,399,400,401,402,403,404,405,406,407,408,409,410,411,412,413,414,415,416,417,418,419,420,421,422,423,424,425,426,427,428,429,430,431,432,433,434,435,436,437,438,439,440,441,442,443,444,445,446,447,448,449,450,451,452,453,454,455,456,457,458,459,460,461,462,463,464,465,466,467,468,469,470,471,472,473,474,475,476,477,478,479,480,481,482,483,484,485,486,487,488,489,490,491,492,493,494,495,496,497,498,499,500,501,502,503,504,505,506,507,508,509,510,511,512,513,514,515,516,517,518,519,520,521,522,523,524,525,526,527,528,529,530,531,532,533,534,535,536,537,538,539,540,541,542,543,544,545,546,547,548,549,550,551,552,553,554,555,556,557,558,559,560,561,562,563,564,565,566,567,568,569,570,571,572,573,574,575,576,577,578,579,580,581,582,583,584,585,586,587,588,589,590,591,592,593,594,595,596,597,598,599,600,601,602,603,604,605,606,607,608,609,610,611,612,613,614,615,616,617,618,619,620,621,622,623,624,625,626,627,628,629,630,631,632,633,634,635,636,637,638,639,640,641,642,643,644,645,646,647,648,649,650,651,652,653,654,655,656,657,658,659,660,661,662,663,664,665,666,667,668,669,670,671,672,673,674,675,676,677,678,679,680,681,682,683,684,685,686,687,688,689,690,691,692,693,694,695,696,697,698,699,700,701,702,703,704,705,706,707,708,709,710,711,712,713,714,715,716,717,718,719,720,721,722,723,724,725,726,727,728,729,730,731,732,733,734,735,736,737,738,739,740,741,742,743,744,745,746,747,748,749,750,751,752,753,754,755,756,757,758,759,760,761,762,763,764,765,766,767,768,769,770,771,772,773,774,775,776,777,778,779,780,781,782,783,784,785,786,787,788,789,790,791,792,793,794,795,796,797,798,799,800,801,802,803,804,805,806,807,808,809,810,811,812,813,814,815,816,817,818,819,820,821,822,823,824,825,826,827,828,829,830,831,832,833,834,835,836,837,838,839,840,841,842,843,844,845,846,847,848,849,850,851,852,853,854,855,856,857,858,859,860,861,862,863,864,865,866,867,868,869,870,871,872,873,874,875,876,877,878,879,880,881,882,883,884,885,886,887,888,889,890,891,892,893,894,895,896,897,898,899,900,901,902,903,904,905,906,907,908,909,910,911,912,913,914,915,916,917,918,919,920,921,922,923,924,925,926,927,928,929,930,931,932,933,934,935,936,937,938,939,940,941,942,943,944,945,946,947,948,949,950,951,952,953,954,955,956,957,958,959,960,961,962,963,964,965,966,967,968,969,970,971,972,973,974,975,976,977,978,979,980,981,982,983,984,985,986,987,988,989,990,991,992,993,994,995,996,997,998,999,1000,1001,1002,1003,1004,1005,1006,1007,1008,1009,1010,1011,1012,1013,1014,1015,1016,1017,1018,1019,1020,1021,1022,1023,1024,1025,1026,1027,1028,1029,1030,1031,1032,1033,1034,1035,1036,1037,1038,1039,1040,1041,1042,1043,1044,1045,1046,1047,1048,1049,1050,1051,1052,1053,1054,1055,1056,1057,1058,1059,1060,1061,1062,1063,1064,1065,1066,1067,1068,1069,1070,1071,1072,1073,1074,1075,1076,1077,1078,1079,1080,1081,1082,1083,1084,1085,1086,1087,1088,1089,1090,1091,1092,1093,1094,1095,1096,1097,1098,1099,1100",text,text,catalog_product,All Products,All Products=Specifications,1,1,1,0,0,0,1,0,0
attr_bin,Limited Bin #,"1,2,3,4,5,6,7,8,9,10,11,12,13,14,15,16,17,18,19,20,21,22,23,24,25,26,27,28,29,30,31,32,33,34,35,36,37,38,39,40,41,42,43,44,45,46,47,48,49,50,51,52,53,54,55,56,57,58,59,60,61,62,63,64,65,66,67,68,69,70,71,72,73,74,75,76,77,78,79,80,81,82,83,84,85,86,87,88,89,90,91,92,93,94,95,96,97,98,99,100,101,102,103,104,105,106,107,108,109,110,111,112,113,114,115,116,117,118,119,120,121,122,123,124,125,126,127,128,129,130,131,132,133,134,135,136,137,138,139,140,141,142,143,144,145,146,147,148,149,150,151,152,153,154,155,156,157,158,159,160,161,162,163,164,165,166,167,168,169,170,171,172,173,174,175,176,177,178,179,180,181,182,183,184,185,186,187,188,189,190,191,192,193,194,195,196,197,198,199,200,201,202,203,204,205,206,207,208,209,210,211,212,213,214,215,216,217,218,219,220,221,222,223,224,225,226,227,228,229,230,231,232,233,234,235,236,237,238,239,240,241,242,243,244,245,246,247,248,249,250,251,252,253,254,255,256,257,258,259,260,261,262,263,264,265,266,267,268,269,270,271,272,273,274,275,276,277,278,279,280,281,282,283,284,285,286,287,288,289,290,291,292,293,294,295,296,297,298,299,300,301,302,303,304,305,306,307,308,309,310,311,312,313,314,315,316,317,318,319,320,321,322,323,324,325,326,327,328,329,330,331,332,333,334,335,336,337,338,339,340,341,342,343,344,345,346,347,348,349,350,351,352,353,354,355,356,357,358,359,360,361,362,363,364,365,366,367,368,369,370,371,372,373,374,375,376,377,378,379,380,381,382,383,384,385,386,387,388,389,390,391,392,393,394,395,396,397,398,399,400,401,402,403,404,405,406,407,408,409,410,411,412,413,414,415,416,417,418,419,420,421,422,423,424,425,426,427,428,429,430,431,432,433,434,435,436,437,438,439,440,441,442,443,444,445,446,447,448,449,450,451,452,453,454,455,456,457,458,459,460,461,462,463,464,465,466,467,468,469,470,471,472,473,474,475,476,477,478,479,480,481,482,483,484,485,486,487,488,489,490,491,492,493,494,495,496,497,498,499,500,501,502,503,504,505,506,507,508,509,510,511,512,513,514,515,516,517,518,519,520,521,522,523,524,525,526,527,528,529,530,531,532,533,534,535,536,537,538,539,540,541,542,543,544,545,546,547,548,549,550,551,552,553,554,555,556,557,558,559,560,561,562,563,564,565,566,567,568,569,570,571,572,573,574,575,576,577,578,579,580,581,582,583,584,585,586,587,588,589,590,591,592,593,594,595,596,597,598,599,600,601,602,603,604,605,606,607,608,609,610,611,612,613,614,615,616,617,618,619,620,621,622,623,624,625,626,627,628,629,630,631,632,633,634,635,636,637,638,639,640,641,642,643,644,645,646,647,648,649,650,651,652,653,654,655,656,657,658,659,660,661,662,663,664,665,666,667,668,669,670,671,672,673,674,675,676,677,678,679,680,681,682,683,684,685,686,687,688,689,690,691,692,693,694,695,696,697,698,699,700,701,702,703,704,705,706,707,708,709,710,711,712,713,714,715,716,717,718,719,720,721,722,723,724,725,726,727,728,729,730,731,732,733,734,735,736,737,738,739,740,741,742,743,744,745,746,747,748,749,750,751,752,753,754,755,756,757,758,759,760,761,762,763,764,765,766,767,768,769,770,771,772,773,774,775,776,777,778,779,780,781,782,783,784,785,786,787,788,789,790,791,792,793,794,795,796,797,798,799,800,801,802,803,804,805,806,807,808,809,810,811,812,813,814,815,816,817,818,819,820,821,822,823,824,825,826,827,828,829,830,831,832,833,834,835,836,837,838,839,840,841,842,843,844,845,846,847,848,849,850,851,852,853,854,855,856,857,858,859,860,861,862,863,864,865,866,867,868,869,870,871,872,873,874,875,876,877,878,879,880,881,882,883,884,885,886,887,888,889,890,891,892,893,894,895,896,897,898,899,900,901,902,903,904,905,906,907,908,909,910,911,912,913,914,915,916,917,918,919,920,921,922,923,924,925,926,927,928,929,930,931,932,933,934,935,936,937,938,939,940,941,942,943,944,945,946,947,948,949,950,951,952,953,954,955,956,957,958,959,960,961,962,963,964,965,966,967,968,969,970,971,972,973,974,975,976,977,978,979,980,981,982,983,984,985,986,987,988,989,990,991,992,993,994,995,996,997,998,999,1000,1001,1002,1003,1004,1005,1006,1007,1008,1009,1010,1011,1012,1013,1014,1015,1016,1017,1018,1019,1020,1021,1022,1023,1024,1025,1026,1027,1028,1029,1030,1031,1032,1033,1034,1035,1036,1037,1038,1039,1040,1041,1042,1043,1044,1045,1046,1047,1048,1049,1050,1051,1052,1053,1054,1055,1056,1057,1058,1059,1060,1061,1062,1063,1064,1065,1066,1067,1068,1069,1070,1071,1072,1073,1074,1075,1076,1077,1078,1079,1080,1081,1082,1083,1084,1085,1086,1087,1088,1089,1090,1091,1092,1093,1094,1095,1096,1097,1098,1099,1100",text,text,catalog_product,All Products,All Products=Specifications,1,1,1,0,0,0,1,0,0
attr_misc_sizes,Size,-,int,select,catalog_product,Aftercare,Aftercare=Specifications,1,1,1,1,0,0,1,0,0
attr_gem_type,Gem Type,"Faceted gems,Cabochons,Stones,Opal,Genuine Topaz,Synthetic Faceted,Black pearl,White pearl",int,select,catalog_product,"Barbells,Labret","Barbells=Specifications,Labret=Specifications",1,1,1,1,0,0,1,0,0
attr_shapes,Shape,"Heart,Star,Circle,Moon,Square,Trillion,Oval",int,select,catalog_product,Ends,Ends=Specifications,1,1,1,1,0,0,1,0,0
attr_opal_colors,Opal Color,"Lime opal,pink opal,hot pink opal,light pink opal,white opal,blue opal,carpi blue opal,red opal,bold red opal,fire opal,oragne opal,yellow opal,light purple opal,purple opal,lavender opal,black opal,blue green opal,dark blue opal,light blue opal,green opal,Bubblegum opal,Sky blue opal,fire red opal,magenta opal,teal opal",int,select,catalog_product,"Barbells,Labret","Barbells=Specifications,Labret=Specifications",1,1,1,1,0,0,1,0,0
attr_wearable,Wearable,"1/4"",5/16"",3/8"",7/16"",Standard,3/16""",int,select,catalog_product,Plugs,Plugs=Specifications,1,1,1,1,0,0,1,0,0
attr_millimeters,Size,"9mm,6mm,6.5mm,7.5mm,8.5mm,9mm,9.5mm,10mm,10.5mm,11mm,11.5mm,12mm,13mm,14.5mm,15mm,15.5mm,16.5mm,17mm,17.5mm,18.5mm,19.5mm,20mm,20.5mm,21.5mm,22.5mm,23mm,23.5mm,24.5mm,25.5mm,26mm",int,select,catalog_product,Body Jewelry,Body Jewelry=Specifications,1,1,1,1,0,0,1,0,0